,Workers,Total(ms),Time_put(ms)
0,1.0,745.6092834472656,56.67777061462402
1,2.0,316.5273666381836,47.09756374359131
2,3.0,424.3028163909912,67.39468574523926
3,4.0,491.26505851745605,76.95794105529785
4,5.0,590.5435085296631,98.39749336242676
5,6.0,664.8199558258057,106.00366592407227
6,7.0,760.4079246520996,127.74968147277832
7,8.0,804.5661449432373,129.8649787902832
