{"worker-13869": {"total_put": 0, "total_get": 37, "put_rate": [0.0, 0.0, 0.0, 0.0, 0.0, 0.0, 0.0, 0.0, 0.0, 0.0, 0.0, 0.0, 0.0, 0.0, 0.0], "get_rate": [0.0, 0.0, 0.0, 0.0, 0.0, 0.0, 0.0, 0.0, 0.0, 0.995025, 0.0, 2.98805, 6.917, 7.57166, 4.0228], "total_obs_sz": [291846, 291846, 291846, 291846, 291846, 291846, 291846, 291846, 291846, 291846, 291846, 291846, 291846, 291846, 291846, 291846, 291846, 291846, 291846, 291846, 291846, 291846, 291846, 291846, 291846, 291846, 291846, 291846, 291846, 291846, 291846, 291846, 291846, 291846, 291846, 291846, 291846]}, "worker-13870": {"total_put": 0, "total_get": 37, "put_rate": [0.0, 0.0, 0.0, 0.0, 0.0, 0.0, 0.0, 0.0, 0.0, 0.0, 0.0, 0.0, 0.0, 0.0, 0.0], "get_rate": [0.0, 0.0, 0.0, 0.0, 0.0, 0.0, 0.0, 0.0, 0.0, 0.995025, 0.0, 2.98805, 6.917, 7.57166, 4.0228], "total_obs_sz": [291846, 291846, 291846, 291846, 291846, 291846, 291846, 291846, 291846, 291846, 291846, 291846, 291846, 291846, 291846, 291846, 291846, 291846, 291846, 291846, 291846, 291846, 291846, 291846, 291846, 291846, 291846, 291846, 291846, 291846, 291846, 291846, 291846, 291846, 291846, 291846, 291846]}, "worker-13828": {"total_put": 37, "total_get": 0, "put_rate": [0.0, 0.0, 0.0, 0.0, 0.0, 0.0, 0.0, 0.0, 0.0, 0.0, 0.0, 0.0, 0.995025, 0.0, 2.98805, 6.917, 7.57166, 4.0228], "get_rate": [0.0, 0.0, 0.0, 0.0, 0.0, 0.0, 0.0, 0.0, 0.0, 0.0, 0.0, 0.0, 0.0, 0.0, 0.0, 0.0, 0.0, 0.0], "total_obs_sz": [291846, 291846, 291846, 291846, 291846, 291846, 291846, 291846, 291846, 291846, 291846, 291846, 291846, 291846, 291846, 291846, 291846, 291846, 291846, 291846, 291846, 291846, 291846, 291846, 291846, 291846, 291846, 291846, 291846, 291846, 291846, 291846, 291846, 291846, 291846, 291846, 291846]}}