{"worker-26711": [[1620742235327, 0, 1, 0.0, 7.84035e-05, [546164]], [1620742236351, 3, 3, 2.93255, 1.95503, [425170, 546163, 376002, 546162, 416986]], [1620742237373, 3, 3, 0.0, 0.0, []], [1620742238385, 3, 3, 0.0, 0.0, []], [1620742239397, 3, 3, 0.0, 0.0, []]], "worker-26708": [[1620742235281, 0, 1, 0.0, 7.84038e-05, [546162]], [1620742236351, 3, 3, 2.80374, 1.86916, [408738, 546162, 433388, 546164, 416986]], [1620742237373, 3, 3, 0.0, 0.0, []], [1620742238385, 3, 3, 0.0, 0.0, []], [1620742239397, 3, 3, 0.0, 0.0, []]], "worker-26704": [[1620742235280, 0, 1, 0.0, 7.84038e-05, [546164]], [1620742236350, 2, 9, 1.87091, 7.48363, [416986, 425170, 400554, 416986, 376002, 376002, 408738, 416986, 384186, 834754]], [1620742237373, 5, 21, 2.93255, 11.7302, [416986, 416986, 376002, 416986, 400554, 384186, 433354, 392370, 826570, 826570, 834754, 834754, 834754, 834754, 834789]], [1620742238385, 5, 21, 0.0, 0.0, []], [1620742239397, 5, 21, 0.0, 0.0, []]], "worker-26705": [[1620742235281, 0, 1, 0.0, 7.84038e-05, [546164]], [1620742236350, 3, 3, 2.80374, 1.86916, [376002, 546162, 417020, 546160, 400588]], [1620742237372, 3, 3, 0.0, 0.0, []], [1620742238385, 3, 3, 0.0, 0.0, []], [1620742239397, 3, 3, 0.0, 0.0, []]], "worker-26709": [[1620742235281, 0, 1, 0.0, 7.84038e-05, [546162]], [1620742236351, 2, 2, 1.87091, 0.935454, [400554, 546161, 376036]], [1620742237373, 2, 2, 0.0, 0.0, []], [1620742238385, 2, 2, 0.0, 0.0, []], [1620742239397, 2, 2, 0.0, 0.0, []]], "worker-26710": [[1620742235280, 0, 1, 0.0, 7.84038e-05, [546164]], [1620742236351, 1, 1, 0.933707, 0.0, [384186]], [1620742237373, 1, 1, 0.0, 0.0, []], [1620742238385, 1, 1, 0.0, 0.0, []], [1620742239397, 1, 1, 0.0, 0.0, []]], "worker-26707": [[1620742235281, 0, 1, 0.0, 7.84038e-05, [546164]], [1620742236351, 1, 1, 0.933707, 0.0, [400554]], [1620742237373, 1, 1, 0.0, 0.0, []], [1620742238385, 1, 1, 0.0, 0.0, []], [1620742239397, 1, 1, 0.0, 0.0, []]], "worker-26706": [[1620742235281, 0, 1, 0.0, 7.84038e-05, [546164]], [1620742236351, 2, 2, 1.86916, 0.934579, [384186, 546164, 376002]], [1620742237373, 2, 2, 0.0, 0.0, []], [1620742238385, 2, 2, 0.0, 0.0, []], [1620742239398, 2, 2, 0.0, 0.0, []]], "driver-26654": [[1620742233264, 0, 0, 0.0, 0.0, []], [1620742234272, 32, 0, 31.7776, 0.0, [546164, 546164, 546164, 546162, 546163, 546162, 546164, 546164, 546164, 546162, 546164, 546164, 546160, 546164, 546164, 546164, 546164, 546160, 546160, 546162, 546162, 546162, 546162, 546162, 546162, 546162, 546162, 546162, 546162, 546162, 546161, 546162]], [1620742235281, 32, 0, 0.0, 0.0, []], [1620742236351, 32, 0, 0.0, 0.0, []], [1620742237373, 32, 1, 0.0, 0.979432, [834789]], [1620742238385, 32, 1, 0.0, 0.0, []], [1620742239398, 32, 1, 0.0, 0.0, []]]}