{"worker-26711": {"total_put": 3, "total_get": 3, "put_rate": [0.0, 2.93255, 0.0, 0.0, 0.0], "get_rate": [7.84035e-05, 1.95503, 0.0, 0.0, 0.0], "total_obs_sz": [546164, 425170, 546163, 376002, 546162, 416986]}, "worker-26708": {"total_put": 3, "total_get": 3, "put_rate": [0.0, 2.80374, 0.0, 0.0, 0.0], "get_rate": [7.84038e-05, 1.86916, 0.0, 0.0, 0.0], "total_obs_sz": [546162, 408738, 546162, 433388, 546164, 416986]}, "worker-26704": {"total_put": 5, "total_get": 21, "put_rate": [0.0, 1.87091, 2.93255, 0.0, 0.0], "get_rate": [7.84038e-05, 7.48363, 11.7302, 0.0, 0.0], "total_obs_sz": [546164, 416986, 425170, 400554, 416986, 376002, 376002, 408738, 416986, 384186, 834754, 416986, 416986, 376002, 416986, 400554, 384186, 433354, 392370, 826570, 826570, 834754, 834754, 834754, 834754, 834789]}, "worker-26705": {"total_put": 3, "total_get": 3, "put_rate": [0.0, 2.80374, 0.0, 0.0, 0.0], "get_rate": [7.84038e-05, 1.86916, 0.0, 0.0, 0.0], "total_obs_sz": [546164, 376002, 546162, 417020, 546160, 400588]}, "worker-26709": {"total_put": 2, "total_get": 2, "put_rate": [0.0, 1.87091, 0.0, 0.0, 0.0], "get_rate": [7.84038e-05, 0.935454, 0.0, 0.0, 0.0], "total_obs_sz": [546162, 400554, 546161, 376036]}, "worker-26710": {"total_put": 1, "total_get": 1, "put_rate": [0.0, 0.933707, 0.0, 0.0, 0.0], "get_rate": [7.84038e-05, 0.0, 0.0, 0.0, 0.0], "total_obs_sz": [546164, 384186]}, "worker-26707": {"total_put": 1, "total_get": 1, "put_rate": [0.0, 0.933707, 0.0, 0.0, 0.0], "get_rate": [7.84038e-05, 0.0, 0.0, 0.0, 0.0], "total_obs_sz": [546164, 400554]}, "worker-26706": {"total_put": 2, "total_get": 2, "put_rate": [0.0, 1.86916, 0.0, 0.0, 0.0], "get_rate": [7.84038e-05, 0.934579, 0.0, 0.0, 0.0], "total_obs_sz": [546164, 384186, 546164, 376002]}, "driver-26654": {"total_put": 32, "total_get": 1, "put_rate": [0.0, 31.7776, 0.0, 0.0, 0.0, 0.0, 0.0], "get_rate": [0.0, 0.0, 0.0, 0.0, 0.979432, 0.0, 0.0], "total_obs_sz": [546164, 546164, 546164, 546162, 546163, 546162, 546164, 546164, 546164, 546162, 546164, 546164, 546160, 546164, 546164, 546164, 546164, 546160, 546160, 546162, 546162, 546162, 546162, 546162, 546162, 546162, 546162, 546162, 546162, 546162, 546161, 546162, 834789]}}