{"worker-8184": {"total_put": 179, "total_get": 442, "put_rate": [0.0, 0.0, 0.0, 0.0, 0.0, 0.0, 0.0, 0.0, 0.997009, 0.0, 1.99203, 0.0, 0.0, 1.99203, 0.0, 1.99005, 0.0, 1.99203, 0.0, 1.99203, 0.0, 1.99203, 0.0, 1.99203, 0.0, 1.99203, 0.0, 1.99402, 0.0, 1.99005, 0.0, 1.97824, 0.0, 1.99203, 0.0, 0.996016, 0.996016, 0.0, 1.99005, 0.0, 1.99203, 0.0, 1.99203, 0.0, 1.99005, 0.0, 1.99005, 0.0, 1.99402, 0.0, 1.99203, 0.0, 1.99005, 0.0, 1.99203, 0.0, 1.98413, 0.0, 0.0, 1.99005, 0.0, 1.98807, 0.0, 1.98807, 0.0, 1.99203, 0.0, 1.99203, 0.0, 1.99203, 0.0, 0.0, 1.99203, 0.0, 1.99203, 0.0, 1.98216, 0.0, 1.99203, 0.0, 1.99402, 0.0, 0.0, 1.99203, 0.0, 1.99203, 0.0, 1.99402, 0.0, 1.99005, 0.0, 1.99005, 0.0, 1.99203, 0.0, 0.0, 1.98216, 0.0, 1.99203, 0.0, 1.99203, 0.0, 0.0, 1.99203, 0.0, 1.99005, 0.0, 1.99203, 0.0, 0.0, 1.99203, 0.0, 1.99203, 0.0, 1.99005, 0.0, 1.99203, 0.0, 0.0, 1.99203, 0.0, 1.98413, 0.0, 1.99203, 0.0, 1.99203, 0.0, 0.0, 1.99203, 0.0, 1.99402, 0.0, 1.99203, 0.0, 0.0, 1.99203, 0.0, 1.99203, 0.0, 1.99203, 0.0, 1.9861, 0.0, 1.99203, 0.0, 1.99203, 0.0, 1.99005, 0.0, 1.99203, 0.0, 0.992063, 0.995025, 0.0, 1.99005, 0.0, 1.9861, 0.0, 1.98807, 0.0, 0.0, 1.98807, 0.0, 1.99203, 0.0, 1.99203, 0.0, 1.93424, 0.0, 0.0, 1.99005, 0.0, 1.99203, 0.0, 1.99203, 0.0, 1.99203, 0.0, 0.995025, 0.997009, 0.0, 1.99005, 0.0, 1.99203, 0.0, 1.99005, 0.0, 0.997009, 0.996016, 0.0, 1.99203, 0.0, 1.99203, 0.0, 0.0, 1.99203, 0.0, 1.99203, 0.0, 1.99203, 0.0, 1.99005, 0.0, 0.0, 1.99203, 0.0], "get_rate": [0.0, 0.0, 0.0, 0.0, 0.0, 0.0, 0.0, 0.0, 0.0, 3.98804, 0.996016, 2.98805, 1.99203, 1.99203, 2.98805, 1.99005, 2.98805, 1.99203, 2.99103, 0.996016, 3.98406, 0.996016, 2.98805, 1.99203, 2.98805, 1.99203, 2.98805, 0.997009, 2.98805, 1.99005, 2.99103, 1.97824, 2.98507, 1.99203, 2.98805, 1.99203, 2.98805, 1.99203, 1.99005, 2.98507, 1.99203, 2.99103, 1.99203, 2.98507, 0.995025, 3.9801, 0.995025, 2.98507, 1.99402, 2.98507, 0.996016, 2.98211, 1.99005, 2.98805, 1.99203, 2.98507, 1.98413, 2.98805, 1.99203, 1.99005, 2.99103, 1.98807, 2.99103, 0.994036, 2.99103, 1.99203, 2.97619, 0.996016, 2.98805, 1.99203, 2.98805, 1.98807, 1.99203, 2.98805, 1.99203, 1.99203, 1.98216, 2.98805, 0.996016, 2.98507, 1.99402, 2.96443, 1.99005, 1.99203, 2.98805, 0.996016, 2.98211, 1.99402, 2.98805, 0.995025, 2.98507, 1.99005, 2.99103, 1.99203, 1.99203, 2.98805, 0.99108, 2.98805, 0.996016, 2.98805, 1.99203, 2.97619, 1.99203, 1.99203, 2.99103, 0.995025, 2.98507, 0.996016, 2.98805, 1.99005, 1.99203, 2.96736, 0.996016, 2.98507, 1.99005, 2.98805, 0.996016, 2.98805, 1.99203, 1.99203, 2.98507, 0.992063, 2.98805, 1.99203, 2.98805, 0.996016, 2.98211, 1.99005, 1.99203, 1.99203, 1.99402, 2.98507, 0.996016, 2.98805, 1.99203, 1.99203, 2.98805, 0.996016, 2.98507, 0.996016, 2.99103, 1.9861, 2.98507, 0.996016, 2.98507, 1.99203, 1.97628, 1.99005, 1.99203, 1.99203, 1.99005, 1.98413, 1.99005, 2.98507, 0.995025, 2.98805, 0.993049, 2.98805, 1.98807, 1.99203, 2.98805, 0.994036, 1.99203, 1.99203, 2.98805, 0.996016, 2.97915, 1.93424, 2.98805, 1.99402, 1.99005, 2.99103, 0.996016, 2.98805, 1.99203, 2.98805, 0.996016, 2.98507, 1.99005, 1.99402, 2.98805, 0.995025, 2.98805, 0.996016, 2.98805, 0.995025, 2.98211, 1.99402, 1.99203, 1.99402, 1.99203, 2.98805, 0.996016, 2.98805, 1.99203, 1.99203, 1.99005, 1.99203, 1.99203, 1.99203, 1.99005, 1.99005, 2.98805, 1.99203, 1.99203, 1.99402], "total_obs_sz": [1318350, 364137, 364137, 365829, 367601, 365829, 1318350, 12578, 378121, 353617, 364137, 388641, 353617, 1318350, 12578, 358773, 400853, 374657, 360609, 369293, 1318350, 12578, 372821, 357081, 358773, 365829, 400853, 1318350, 12578, 376349, 369293, 376349, 369293, 364137, 1318350, 12578, 390333, 367601, 358773, 355309, 362301, 1318350, 12578, 364137, 358773, 364137, 371129, 386869, 1318350, 12578, 379813, 351781, 390333, 404381, 374657, 1318350, 12578, 372821, 390333, 358773, 358773, 388641, 1318350, 12578, 355309, 371129, 402689, 383341, 351781, 1318350, 12578, 364137, 371129, 374657, 371129, 357081, 1318350, 12578, 386869, 367601, 371129, 374657, 364137, 1318350, 12578, 378121, 351781, 421893, 367601, 381649, 1318350, 12578, 379813, 358773, 358773, 392169, 364137, 1318350, 12578, 395697, 353617, 388641, 355309, 378121, 1318350, 12578, 353617, 404381, 372821, 353617, 351781, 1318350, 12578, 378121, 362301, 357081, 406153, 364137, 1318350, 12578, 411373, 374657, 355309, 369293, 372821, 1318350, 12578, 393861, 378121, 353617, 420201, 411373, 1318350, 12578, 390333, 364137, 365829, 435942, 357081, 1318350, 12578, 379813, 392169, 355309, 393861, 378121, 1318350, 12578, 388641, 360609, 369293, 351781, 367601, 1318350, 12578, 376349, 385177, 365829, 385177, 351781, 1318350, 12578, 395697, 362301, 371129, 385177, 407909, 1318350, 12578, 376349, 376349, 385177, 381649, 460595, 1318350, 12578, 353617, 374657, 372821, 360609, 364137, 1318350, 12578, 353617, 357081, 388641, 427194, 358773, 1318350, 12578, 386869, 385177, 404381, 362301, 367601, 1318350, 12578, 357081, 392169, 362301, 378121, 400853, 1318350, 12578, 379813, 379813, 392169, 367601, 428950, 1318350, 12578, 376349, 369293, 430722, 416673, 392169, 1318350, 12578, 388641, 418429, 406153, 432414, 404381, 1318350, 12578, 360609, 472871, 360609, 362301, 371129, 1318350, 12578, 416673, 402689, 430722, 351781, 364137, 1318350, 12578, 371129, 439470, 371129, 407909, 441242, 1318350, 12578, 427194, 355309, 397389, 460595, 413209, 1318350, 12578, 421893, 351781, 376349, 379813, 399161, 1318350, 12578, 367601, 371129, 364137, 397389, 420201, 1318350, 12578, 423730, 378121, 378121, 364137, 353617, 1318350, 12578, 367601, 369293, 451943, 399161, 364137, 1318350, 12578, 439470, 365829, 420201, 435942, 425422, 1318350, 12578, 378121, 458791, 385177, 467571, 355309, 1318350, 12578, 455367, 378121, 372821, 397389, 435942, 1318350, 12578, 364137, 427194, 420201, 357081, 400853, 1318350, 12578, 434250, 386869, 372821, 407909, 378121, 1318350, 12578, 457043, 392169, 365829, 418429, 404381, 1318350, 12578, 437714, 437714, 367601, 397389, 448234, 1318350, 12578, 479975, 397389, 372821, 355309, 411373, 1318350, 12578, 442934, 407909, 369293, 393861, 407909, 1318350, 12578, 369293, 390333, 376349, 428950, 481651, 1318350, 12578, 407909, 414901, 383341, 399161, 397389, 1318350, 12578, 360609, 421893, 372821, 472871, 437714, 1318350, 12578, 372821, 386869, 409681, 411373, 414901, 1318350, 12578, 364137, 439470, 378121, 397389, 416673, 1318350, 12578, 464083, 369293, 428950, 392169, 400853, 1318350, 12578, 451943, 457043, 374657, 400853, 397389, 1318350, 12578, 446462, 418429, 399161, 483399, 378121, 1318350, 12578, 451943, 399161, 413209, 372821, 421893, 1318350, 12580, 434250, 362301, 472871, 449939, 355309, 1318350, 12580, 360609, 364137, 395697, 369293, 471123, 1318350, 12580, 418429, 369293, 395697, 376349, 364137, 1318350, 12580, 474547, 362301, 462407, 476359, 1318350, 12580, 367601, 358773, 367601, 388641, 418429, 1318350, 12580, 367601, 469447, 460595, 474547, 1318350, 12580, 474547, 565811, 439470, 364137, 1318350, 12580, 530675, 428950, 413209, 449939, 1318350, 12580, 427194, 411373, 418429, 441242, 420201, 1318350, 12580, 481651, 437714, 395697, 404381, 379813, 1318350, 12580, 390333, 409681, 448234, 449939, 416673, 1318350, 12580, 492115, 416673, 362301, 362301, 493927, 1318350, 12580, 462407, 432414, 467571, 407909, 1318350, 12580, 425422, 365829, 353617, 449939, 421893, 1318350, 12580, 411373, 360609, 411373, 430722, 360609, 1318350, 12580, 392169, 351781, 397389, 367601, 353617, 1318350, 12580, 386869, 383341, 471123, 404381, 357081, 1318350, 12580, 434250, 416673, 404381, 376349, 371129, 1318350, 12580, 428950, 357081, 414901, 414901, 472871, 1318350, 12580, 383341, 399161, 374657, 399161, 460595, 1318350, 12580, 383341, 365829, 483399, 385177, 441242, 1318350, 12580, 460595, 453619, 497479, 379813, 1318350, 12580, 409681, 442934, 392169, 455367, 414901, 1318350, 12580, 462407, 378121, 448234, 411373, 383341, 1318350, 12580, 423730, 460595, 407909, 457043, 413209, 1318350, 12580, 351781, 458791, 400853, 372821,