,obj_size,time
0,1000.0,0.6981372833251953
1,10000.0,0.28645992279052734
2,100000.0,0.2920341491699219
3,1000000.0,0.6445407867431641
4,10000000.0,4.526472091674805
5,100000000.0,62.02445983886719
