,obj_size,time
0,1000.0,2.685089111328125
1,10000.0,2.5422191619873047
2,100000.0,3.0606937408447266
3,1000000.0,5.363163948059082
4,10000000.0,20.41800022125244
5,100000000.0,133.08598518371582
