,obj_size,time
0,1000.0,2.465677261352539
1,10000.0,2.3357534408569336
2,100000.0,3.589296340942383
3,1000000.0,5.489535331726074
4,10000000.0,21.37559413909912
5,100000000.0,215.42398929595947
