,obj_size,time
0,100000000,62.1260404586792
1,100000,1.73269724051158
2,1000000,1.74930818875631
3,10000000,5.10834058125814
4,100000000,56.0001532236735
