,obj_size,time
0,1000.0,0.3802013397216797
1,10000.0,0.538334846496582
2,100000.0,0.415496826171875
3,1000000.0,0.3282928466796875
4,10000000.0,0.4262828826904297
5,100000000.0,0.3814220428466797
