,workers,obj_size,System IOPS,System Throughput(GB/s),Worker IOPS,Worker Throughput(GB/s)
0,64.0,1000.0,44013.48213303961,0.04401348213303961,683.3385880695578,683.3385880695578
1,64.0,10000.0,43813.43659566454,0.43813436595664546,678.9020678940635,678.9020678940635
2,64.0,100000.0,39072.69831876798,3.907269831876798,602.7500330175656,602.7500330175656
3,64.0,1000000.0,22717.427119577842,22.71742711957784,355.5069647399554,355.5069647399554
4,64.0,10000000.0,8131.628044768306,81.31628044768306,132.90162977720968,132.90162977720968
