,obj_size,Time_put(ms)
0,1000.0,0.8021354675292969
1,10000.0,0.9502410888671875
2,100000.0,0.9133338928222656
3,1000000.0,1.633453369140625
4,10000000.0,4.082775115966797
5,100000000.0,16.570329666137695
6,1000000000.0,142.30971336364746
