{"worker-19612": [[1620397117780, 0, 0, 0.0, 0.0, []], [1620397118792, 0, 0, 0.0, 0.0, []], [1620397119802, 0, 0, 0.0, 0.0, []], [1620397120811, 0, 0, 0.0, 0.0, []], [1620397121821, 0, 0, 0.0, 0.0, []], [1620397122831, 0, 0, 0.0, 0.0, []], [1620397123841, 0, 0, 0.0, 0.0, []], [1620397124851, 0, 0, 0.0, 0.0, []], [1620397125861, 0, 0, 0.0, 0.0, []], [1620397126872, 0, 0, 0.0, 0.0, []], [1620397127882, 0, 0, 0.0, 0.0, []], [1620397128893, 0, 0, 0.0, 0.0, []], [1620397129904, 0, 0, 0.0, 0.0, []], [1620397130917, 0, 1, 0.0, 0.986193, [291846]], [1620397131927, 0, 1, 0.0, 0.0, []], [1620397132937, 0, 8, 0.0, 6.93069, [291846, 291846, 291846, 291846, 291846, 291846, 291846]], [1620397133948, 0, 19, 0.0, 10.8696, [291846, 291846, 291846, 291846, 291846, 291846, 291846, 291846, 291846, 291846, 291846]], [1620397134959, 0, 30, 0.0, 10.8803, [291846, 291846, 291846, 291846, 291846, 291846, 291846, 291846, 291846, 291846, 291846]], [1620397135969, 0, 39, 0.0, 8.91972, [291846, 291846, 291846, 291846, 291846, 291846, 291846, 291846, 291846]], [1620397136979, 0, 51, 0.0, 11.8694, [291846, 291846, 291846, 291846, 291846, 291846, 291846, 291846, 291846, 291846, 291846, 291846]], [1620397137989, 0, 63, 0.0, 11.8812, [291846, 291846, 291846, 291846, 291846, 291846, 291846, 291846, 291846, 291846, 291846, 291846]], [1620397138998, 0, 74, 0.0, 10.9019, [291846, 291846, 291846, 291846, 291846, 291846, 291846, 291846, 291846, 291846, 291846]], [1620397140010, 0, 87, 0.0, 12.8458, [291846, 291846, 291846, 291846, 291846, 291846, 291846, 291846, 291846, 291846, 291846, 291846, 291846]], [1620397141020, 0, 98, 0.0, 10.8911, [291846, 291846, 291846, 291846, 291846, 291846, 291846, 291846, 291846, 291846, 291846]]], "worker-19624": [[1620397117780, 0, 0, 0.0, 0.0, []], [1620397118792, 0, 0, 0.0, 0.0, []], [1620397119802, 0, 0, 0.0, 0.0, []], [1620397120811, 0, 0, 0.0, 0.0, []], [1620397121821, 0, 0, 0.0, 0.0, []], [1620397122831, 0, 0, 0.0, 0.0, []], [1620397123841, 0, 0, 0.0, 0.0, []], [1620397124851, 0, 0, 0.0, 0.0, []], [1620397125861, 0, 0, 0.0, 0.0, []], [1620397126872, 0, 0, 0.0, 0.0, []], [1620397127882, 0, 0, 0.0, 0.0, []], [1620397128893, 0, 0, 0.0, 0.0, []], [1620397129904, 0, 0, 0.0, 0.0, []], [1620397130917, 0, 1, 0.0, 0.987167, [291846]], [1620397131927, 0, 1, 0.0, 0.0, []], [1620397132937, 0, 8, 0.0, 6.93069, [291846, 291846, 291846, 291846, 291846, 291846, 291846]], [1620397133948, 0, 19, 0.0, 10.8696, [291846, 291846, 291846, 291846, 291846, 291846, 291846, 291846, 291846, 291846, 291846]], [1620397134959, 0, 30, 0.0, 10.8803, [291846, 291846, 291846, 291846, 291846, 291846, 291846, 291846, 291846, 291846, 291846]], [1620397135969, 0, 39, 0.0, 8.91972, [291846, 291846, 291846, 291846, 291846, 291846, 291846, 291846, 291846]], [1620397136979, 0, 51, 0.0, 11.8694, [291846, 291846, 291846, 291846, 291846, 291846, 291846, 291846, 291846, 291846, 291846, 291846]], [1620397137989, 0, 63, 0.0, 11.8812, [291846, 291846, 291846, 291846, 291846, 291846, 291846, 291846, 291846, 291846, 291846, 291846]], [1620397138998, 0, 74, 0.0, 10.9019, [291846, 291846, 291846, 291846, 291846, 291846, 291846, 291846, 291846, 291846, 291846]], [1620397140010, 0, 87, 0.0, 12.8586, [291846, 291846, 291846, 291846, 291846, 291846, 291846, 291846, 291846, 291846, 291846, 291846, 291846]], [1620397141020, 0, 98, 0.0, 10.8911, [291846, 291846, 291846, 291846, 291846, 291846, 291846, 291846, 291846, 291846, 291846]]], "worker-19596": [[1620397117781, 0, 0, 0.0, 0.0, []], [1620397118793, 0, 0, 0.0, 0.0, []], [1620397119802, 0, 0, 0.0, 0.0, []], [1620397120812, 0, 0, 0.0, 0.0, []], [1620397121822, 0, 0, 0.0, 0.0, []], [1620397122832, 0, 0, 0.0, 0.0, []], [1620397123841, 0, 0, 0.0, 0.0, []], [1620397124851, 0, 0, 0.0, 0.0, []], [1620397125862, 0, 0, 0.0, 0.0, []], [1620397126872, 0, 0, 0.0, 0.0, []], [1620397127883, 0, 0, 0.0, 0.0, []], [1620397128893, 0, 0, 0.0, 0.0, []], [1620397129904, 0, 0, 0.0, 0.0, []], [1620397130917, 1, 0, 0.987167, 0.0, [291846]], [1620397131927, 1, 0, 0.0, 0.0, []], [1620397132937, 8, 0, 6.92384, 0.0, [291846, 291846, 291846, 291846, 291846, 291846, 291846]], [1620397133949, 19, 0, 10.8803, 0.0, [291846, 291846, 291846, 291846, 291846, 291846, 291846, 291846, 291846, 291846, 291846]], [1620397134959, 30, 0, 10.8803, 0.0, [291846, 291846, 291846, 291846, 291846, 291846, 291846, 291846, 291846, 291846, 291846]], [1620397135969, 40, 0, 9.90099, 0.0, [291846, 291846, 291846, 291846, 291846, 291846, 291846, 291846, 291846, 291846]], [1620397136979, 51, 0, 10.8911, 0.0, [291846, 291846, 291846, 291846, 291846, 291846, 291846, 291846, 291846, 291846, 291846]], [1620397137989, 63, 0, 11.8812, 0.0, [291846, 291846, 291846, 291846, 291846, 291846, 291846, 291846, 291846, 291846, 291846, 291846]], [1620397138999, 74, 0, 10.9019, 0.0, [291846, 291846, 291846, 291846, 291846, 291846, 291846, 291846, 291846, 291846, 291846]], [1620397140010, 87, 0, 12.8458, 0.0, [291846, 291846, 291846, 291846, 291846, 291846, 291846, 291846, 291846, 291846, 291846, 291846, 291846]], [1620397141020, 98, 0, 10.8911, 0.0, [291846, 291846, 291846, 291846, 291846, 291846, 291846, 291846, 291846, 291846, 291846]]]}