{"worker-19612": {"total_put": 0, "total_get": 98, "put_rate": [0.0, 0.0, 0.0, 0.0, 0.0, 0.0, 0.0, 0.0, 0.0, 0.0, 0.0, 0.0, 0.0, 0.0, 0.0, 0.0, 0.0, 0.0, 0.0, 0.0, 0.0, 0.0, 0.0, 0.0], "get_rate": [0.0, 0.0, 0.0, 0.0, 0.0, 0.0, 0.0, 0.0, 0.0, 0.0, 0.0, 0.0, 0.0, 0.986193, 0.0, 6.93069, 10.8696, 10.8803, 8.91972, 11.8694, 11.8812, 10.9019, 12.8458, 10.8911], "total_obs_sz": [291846, 291846, 291846, 291846, 291846, 291846, 291846, 291846, 291846, 291846, 291846, 291846, 291846, 291846, 291846, 291846, 291846, 291846, 291846, 291846, 291846, 291846, 291846, 291846, 291846, 291846, 291846, 291846, 291846, 291846, 291846, 291846, 291846, 291846, 291846, 291846, 291846, 291846, 291846, 291846, 291846, 291846, 291846, 291846, 291846, 291846, 291846, 291846, 291846, 291846, 291846, 291846, 291846, 291846, 291846, 291846, 291846, 291846, 291846, 291846, 291846, 291846, 291846, 291846, 291846, 291846, 291846, 291846, 291846, 291846, 291846, 291846, 291846, 291846, 291846, 291846, 291846, 291846, 291846, 291846, 291846, 291846, 291846, 291846, 291846, 291846, 291846, 291846, 291846, 291846, 291846, 291846, 291846, 291846, 291846, 291846, 291846, 291846]}, "worker-19624": {"total_put": 0, "total_get": 98, "put_rate": [0.0, 0.0, 0.0, 0.0, 0.0, 0.0, 0.0, 0.0, 0.0, 0.0, 0.0, 0.0, 0.0, 0.0, 0.0, 0.0, 0.0, 0.0, 0.0, 0.0, 0.0, 0.0, 0.0, 0.0], "get_rate": [0.0, 0.0, 0.0, 0.0, 0.0, 0.0, 0.0, 0.0, 0.0, 0.0, 0.0, 0.0, 0.0, 0.987167, 0.0, 6.93069, 10.8696, 10.8803, 8.91972, 11.8694, 11.8812, 10.9019, 12.8586, 10.8911], "total_obs_sz": [291846, 291846, 291846, 291846, 291846, 291846, 291846, 291846, 291846, 291846, 291846, 291846, 291846, 291846, 291846, 291846, 291846, 291846, 291846, 291846, 291846, 291846, 291846, 291846, 291846, 291846, 291846, 291846, 291846, 291846, 291846, 291846, 291846, 291846, 291846, 291846, 291846, 291846, 291846, 291846, 291846, 291846, 291846, 291846, 291846, 291846, 291846, 291846, 291846, 291846, 291846, 291846, 291846, 291846, 291846, 291846, 291846, 291846, 291846, 291846, 291846, 291846, 291846, 291846, 291846, 291846, 291846, 291846, 291846, 291846, 291846, 291846, 291846, 291846, 291846, 291846, 291846, 291846, 291846, 291846, 291846, 291846, 291846, 291846, 291846, 291846, 291846, 291846, 291846, 291846, 291846, 291846, 291846, 291846, 291846, 291846, 291846, 291846]}, "worker-19596": {"total_put": 98, "total_get": 0, "put_rate": [0.0, 0.0, 0.0, 0.0, 0.0, 0.0, 0.0, 0.0, 0.0, 0.0, 0.0, 0.0, 0.0, 0.987167, 0.0, 6.92384, 10.8803, 10.8803, 9.90099, 10.8911, 11.8812, 10.9019, 12.8458, 10.8911], "get_rate": [0.0, 0.0, 0.0, 0.0, 0.0, 0.0, 0.0, 0.0, 0.0, 0.0, 0.0, 0.0, 0.0, 0.0, 0.0, 0.0, 0.0, 0.0, 0.0, 0.0, 0.0, 0.0, 0.0, 0.0], "total_obs_sz": [291846, 291846, 291846, 291846, 291846, 291846, 291846, 291846, 291846, 291846, 291846, 291846, 291846, 291846, 291846, 291846, 291846, 291846, 291846, 291846, 291846, 291846, 291846, 291846, 291846, 291846, 291846, 291846, 291846, 291846, 291846, 291846, 291846, 291846, 291846, 291846, 291846, 291846, 291846, 291846, 291846, 291846, 291846, 291846, 291846, 291846, 291846, 291846, 291846, 291846, 291846, 291846, 291846, 291846, 291846, 291846, 291846, 291846, 291846, 291846, 291846, 291846, 291846, 291846, 291846, 291846, 291846, 291846, 291846, 291846, 291846, 291846, 291846, 291846, 291846, 291846, 291846, 291846, 291846, 291846, 291846, 291846, 291846, 291846, 291846, 291846, 291846, 291846, 291846, 291846, 291846, 291846, 291846, 291846, 291846, 291846, 291846, 291846]}}